<?xml version="1.0" encoding="UTF-8" ?>
<beans xmlns="http://www.springframework.org/schema/beans"
	xmlns:xsi="http://www.w3.org/2001/XMLSchema-instance" xmlns:context="http://www.springframework.org/schema/context"
	xmlns:mvc="http://www.springframework.org/schema/mvc" xmlns:tx="http://www.springframework.org/schema/tx"
	xsi:schemaLocation="http://www.springframework.org/schema/mvc
	http://www.springframework.org/schema/mvc/spring-mvc-4.3.xsd
	http://www.springframework.org/schema/beans
	http://www.springframework.org/schema/beans/spring-beans-4.3.xsd
	http://www.springframework.org/schema/context
	http://www.springframework.org/schema/context/spring-context-4.3.xsd	
	http://www.springframework.org/schema/aop
	http://www.springframework.org/schema/aop/spring-aop-4.3.xsd
		http://www.springframework.org/schema/tx
	http://www.springframework.org/schema/tx/spring-tx-4.3.xsd">
	<context:component-scan base-package="br.senai.sp.informatica.todolist" />
	<!-- Permite que recursos estaticos - html, css, js - funcionem junto ao spring -->
	<!-- <mvc:default-servlet-handler />  -->
	
	<!-- Trabalhar com MVC atraves de anotação -->
	<mvc:annotation-driven />

	<!-- COnfigurações de conexão -->
	<bean id="mysqlDataSource" class="org.apache.commons.dbcp2.BasicDataSource">
		<property name="driverClassName" value="com.mysql.jdbc.Driver" />
		<property name="url" value="jdbc:mysql://localhost:3306/todolistmanha" />
		<property name="username" value="root" />
		<property name="password" value="root" />
	</bean>

	<bean id="entityManagerFactory"
		class="org.springframework.orm.jpa.LocalContainerEntityManagerFactoryBean">
		<property name="dataSource" ref="mysqlDataSource" />
		<property name="jpaVendorAdapter">
			<bean class="org.springframework.orm.jpa.vendor.HibernateJpaVendorAdapter" />
		</property>
	</bean>

	<bean id="transactionManager" class="org.springframework.orm.jpa.JpaTransactionManager">
		<property name="entityManagerFactory" ref="entityManagerFactory" />
	</bean>

	<tx:annotation-driven />
</beans>